PMID,0,1,2,3,4,5,6,7,8,9,10,11,12,13,14,15,16,17,18,19,20,21,22,23,24,25,26,27,28,29,30,31,32,33,34,35,36,37,38,39,40,41,42,43,44,45,46,47,48,49,50,51,52,53,54,55,56,57,58,59,60,61,62,63,64,65,66,67,68,69,70,71,72,73,74,75,76,77,78,79,80,81,82,83,84,85,86,87,88,89,90,91,92,93,94,95,96,97,98,99,100,101,102,103,104,105,106,107,108,109,110,111,112,113,114,115,116,117,118
28767567,C22.0,C22.9,,,,,,,,,,,,,,,,,,,,,,,,,,,,,,,,,,,,,,,,,,,,,,,,,,,,,,,,,,,,,,,,,,,,,,,,,,,,,,,,,,,,,,,,,,,,,,,,,,,,,,,,,,,,,,,,,,,,,
28595573,"('Z87.5', 0.3333333333333333)","('O98.71', 0.2857142857142857)","('O22', 0.5)","('O88.1', 0.6666666666666666)","('O02.81', 0.2222222222222222)","('O04.89', 0.5)","('O07.39', 0.4)","('P01', 0.4)",I45.81,"('O94', 0.4)","('O29', 0.6666666666666666)","('P00-P04', 0.2222222222222222)","('O08', 0.4)",,,,,,,,,,,,,,,,,,,,,,,,,,,,,,,,,,,,,,,,,,,,,,,,,,,,,,,,,,,,,,,,,,,,,,,,,,,,,,,,,,,,,,,,,,,,,,,,,,,,,,,,,,
28559815,O26.86,,,,,,,,,,,,,,,,,,,,,,,,,,,,,,,,,,,,,,,,,,,,,,,,,,,,,,,,,,,,,,,,,,,,,,,,,,,,,,,,,,,,,,,,,,,,,,,,,,,,,,,,,,,,,,,,,,,,,,
28538413,"('Z85.11', 0.3333333333333333)","('C43', 0.3333333333333333)",C15,"('D38.1', 0.3333333333333333)","('D03', 0.5)","('C43-C44', 0.4)","('C78.0', 0.5)","('D14.3', 0.5)",C15.9,"('Z80.1', 0.2857142857142857)","('C34', 0.5)",,,,,,,,,,,,,,,,,,,,,,,,,,,,,,,,,,,,,,,,,,,,,,,,,,,,,,,,,,,,,,,,,,,,,,,,,,,,,,,,,,,,,,,,,,,,,,,,,,,,,,,,,,,,
28422883,"('G89.18', 0.3333333333333333)","('Z85.11', 0.3333333333333333)","('C44.52', 0.4)","('R87.610', 0.2222222222222222)","('D38.1', 0.3333333333333333)","('C78.0', 0.5)","('D14.3', 0.5)","('R85.610', 0.2222222222222222)",J86.0,"('Z80.1', 0.2857142857142857)","('C34', 0.5)",,,,,,,,,,,,,,,,,,,,,,,,,,,,,,,,,,,,,,,,,,,,,,,,,,,,,,,,,,,,,,,,,,,,,,,,,,,,,,,,,,,,,,,,,,,,,,,,,,,,,,,,,,,,
28403099,"('Z85.11', 0.3333333333333333)","('C7B.01', 0.3333333333333333)","('D36.0', 0.75)","('M30.3', 0.4)","('D38.1', 0.3333333333333333)","('I89.8', 0.5)","('C46.3', 0.4)","('D14.3', 0.5)","('D86.2', 0.75)","('I80-I89', 0.3333333333333333)","('Z80.1', 0.2857142857142857)",C22.9,"('L04', 0.3333333333333333)","('C34', 0.5)","('C81.92', 0.3333333333333333)",C22.0,"('A15.4', 0.5)","('R59', 0.6666666666666666)","('C82.92', 0.3333333333333333)","('A18.39', 0.5)","('C83.73', 0.4)","('C78.0', 0.5)","('C77', 0.5)","('C85.12', 0.3333333333333333)","('C84.12', 0.4)",,,,,,,,,,,,,,,,,,,,,,,,,,,,,,,,,,,,,,,,,,,,,,,,,,,,,,,,,,,,,,,,,,,,,,,,,,,,,,,,,,,,,,,,,,,,,,
28403092,R40.20,"('G89.18', 0.3333333333333333)",K72.91,K72,E72.20,K92.2,C70.9,R40.2,D32,D32.9,C70,,,,,,,,,,,,,,,,,,,,,,,,,,,,,,,,,,,,,,,,,,,,,,,,,,,,,,,,,,,,,,,,,,,,,,,,,,,,,,,,,,,,,,,,,,,,,,,,,,,,,,,,,,,,
28403086,"('S75.0', 0.3333333333333333)","('Z85.11', 0.3333333333333333)","('T82.322', 0.2)","('D38.1', 0.3333333333333333)","('M93.0', 0.2)","('G57.2', 0.3333333333333333)","('D14.3', 0.5)","('S74.1', 0.16666666666666666)","('Z80.1', 0.2857142857142857)","('Q65.89', 0.3333333333333333)","('C34', 0.5)","('S79.01', 0.25)","('Q72.4', 0.25)","('K41', 0.5)","('M84.75', 0.3333333333333333)","('C78.0', 0.5)","('I82.51', 0.2)","('I80.1', 0.25)",,,,,,,,,,,,,,,,,,,,,,,,,,,,,,,,,,,,,,,,,,,,,,,,,,,,,,,,,,,,,,,,,,,,,,,,,,,,,,,,,,,,,,,,,,,,,,,,,,,,,
28383413,"('C43', 0.6666666666666666)","('C74', 0.5)","('C43-C44', 0.6)","('C73', 0.5)","('C51.0', 0.2857142857142857)","('C63.2', 0.5)",H53.15,"('D10.39', 0.3333333333333333)","('A18.82', 0.6666666666666666)","('D30.8', 0.5)","('D17.2', 0.2857142857142857)","('D29.4', 0.5)","('C69.5', 0.4)","('C51-C58', 0.3333333333333333)","('C44', 0.5)","('D23', 0.5)","('D48.5', 0.5)","('D03', 0.5)","('D34', 0.5)","('C07', 0.5)","('C73-C75', 0.3333333333333333)","('C60.9', 0.4)","('D31.5', 0.4)","('C79.2', 0.5)",H53.11,"('E23', 0.5)","('D37.03', 0.3333333333333333)","('C60-C63', 0.3333333333333333)","('D39.8', 0.2857142857142857)","('Z85.82', 0.4)","('D11.0', 0.5)","('D28', 0.3333333333333333)","('C08.0', 0.5)","('D49.2', 0.2857142857142857)","('A52.79', 0.6666666666666666)","('D35.2', 0.75)","('C75.1', 0.75)","('Z12.83', 0.4)","('D44.3', 0.6)","('C06.9', 0.2857142857142857)","('C68.1', 0.5)","('E22', 0.6666666666666666)","('D40.8', 0.2857142857142857)",,,,,,,,,,,,,,,,,,,,,,,,,,,,,,,,,,,,,,,,,,,,,,,,,,,,,,,,,,,,,,,,,,,,,,,,,,,,
28353613,J15.9,A43.0,A43.9,A43,,,,,,,,,,,,,,,,,,,,,,,,,,,,,,,,,,,,,,,,,,,,,,,,,,,,,,,,,,,,,,,,,,,,,,,,,,,,,,,,,,,,,,,,,,,,,,,,,,,,,,,,,,,,,,,,,,,
28353604,I26,I26.99,,,,,,,,,,,,,,,,,,,,,,,,,,,,,,,,,,,,,,,,,,,,,,,,,,,,,,,,,,,,,,,,,,,,,,,,,,,,,,,,,,,,,,,,,,,,,,,,,,,,,,,,,,,,,,,,,,,,,
28353596,M35.00,"('E83.31', 0.5)","('E55.0', 0.5)",M35.0,"('M83', 0.5)",,,,,,,,,,,,,,,,,,,,,,,,,,,,,,,,,,,,,,,,,,,,,,,,,,,,,,,,,,,,,,,,,,,,,,,,,,,,,,,,,,,,,,,,,,,,,,,,,,,,,,,,,,,,,,,,,,
28353588,C15,C15.9,C88.4,,,,,,,,,,,,,,,,,,,,,,,,,,,,,,,,,,,,,,,,,,,,,,,,,,,,,,,,,,,,,,,,,,,,,,,,,,,,,,,,,,,,,,,,,,,,,,,,,,,,,,,,,,,,,,,,,,,,
28353569,"('I72', 0.5)",K92.0,K76.6,"('S35.32', 0.6666666666666666)",,,,,,,,,,,,,,,,,,,,,,,,,,,,,,,,,,,,,,,,,,,,,,,,,,,,,,,,,,,,,,,,,,,,,,,,,,,,,,,,,,,,,,,,,,,,,,,,,,,,,,,,,,,,,,,,,,,
28353561,B77,B77.9,,,,,,,,,,,,,,,,,,,,,,,,,,,,,,,,,,,,,,,,,,,,,,,,,,,,,,,,,,,,,,,,,,,,,,,,,,,,,,,,,,,,,,,,,,,,,,,,,,,,,,,,,,,,,,,,,,,,,
28353558,A15.0,E84,E84.9,"('G89.18', 0.3333333333333333)",A15,A20,,,,,,,,,,,,,,,,,,,,,,,,,,,,,,,,,,,,,,,,,,,,,,,,,,,,,,,,,,,,,,,,,,,,,,,,,,,,,,,,,,,,,,,,,,,,,,,,,,,,,,,,,,,,,,,,,
28353556,R04.2,M31.3,M31.30,,,,,,,,,,,,,,,,,,,,,,,,,,,,,,,,,,,,,,,,,,,,,,,,,,,,,,,,,,,,,,,,,,,,,,,,,,,,,,,,,,,,,,,,,,,,,,,,,,,,,,,,,,,,,,,,,,,,
28321070,R06.00,"('S21.9', 0.4)",R06.02,R06.0,C83.3,"('S20.90', 0.4)",,,,,,,,,,,,,,,,,,,,,,,,,,,,,,,,,,,,,,,,,,,,,,,,,,,,,,,,,,,,,,,,,,,,,,,,,,,,,,,,,,,,,,,,,,,,,,,,,,,,,,,,,,,,,,,,,
28320420,C17.1,C49.A,,,,,,,,,,,,,,,,,,,,,,,,,,,,,,,,,,,,,,,,,,,,,,,,,,,,,,,,,,,,,,,,,,,,,,,,,,,,,,,,,,,,,,,,,,,,,,,,,,,,,,,,,,,,,,,,,,,,,
28296749,C26.9,C83.1,,,,,,,,,,,,,,,,,,,,,,,,,,,,,,,,,,,,,,,,,,,,,,,,,,,,,,,,,,,,,,,,,,,,,,,,,,,,,,,,,,,,,,,,,,,,,,,,,,,,,,,,,,,,,,,,,,,,,
28292056,"('Q26.6', 0.2)","('S35.31', 0.6666666666666666)",K92.2,"('L94.2', 0.5)","('M34.1', 0.1111111111111111)",K76.6,"('K75.1', 0.6666666666666666)",I72.9,"('I81', 0.6666666666666666)",,,,,,,,,,,,,,,,,,,,,,,,,,,,,,,,,,,,,,,,,,,,,,,,,,,,,,,,,,,,,,,,,,,,,,,,,,,,,,,,,,,,,,,,,,,,,,,,,,,,,,,,,,,,,,
28272235,D18.0,"('K50.911', 0.3333333333333333)",D18.00,D18.1,K92.2,,,,,,,,,,,,,,,,,,,,,,,,,,,,,,,,,,,,,,,,,,,,,,,,,,,,,,,,,,,,,,,,,,,,,,,,,,,,,,,,,,,,,,,,,,,,,,,,,,,,,,,,,,,,,,,,,,
28272214,"('C22.9', 0.2857142857142857)","('Z85.11', 0.3333333333333333)","('D38.1', 0.3333333333333333)","('I42.9', 0.2)","('G89.3', 0.16666666666666666)","('F98.0', 0.16666666666666666)","('C78.0', 0.5)","('D14.3', 0.5)","('C80.0', 0.14285714285714285)","('Z80.1', 0.2857142857142857)","('C34', 0.5)",,,,,,,,,,,,,,,,,,,,,,,,,,,,,,,,,,,,,,,,,,,,,,,,,,,,,,,,,,,,,,,,,,,,,,,,,,,,,,,,,,,,,,,,,,,,,,,,,,,,,,,,,,,,
28250304,"('C7A.1', 0.4)",C37,E24.3,B59,,,,,,,,,,,,,,,,,,,,,,,,,,,,,,,,,,,,,,,,,,,,,,,,,,,,,,,,,,,,,,,,,,,,,,,,,,,,,,,,,,,,,,,,,,,,,,,,,,,,,,,,,,,,,,,,,,,
28239141,"('C92.1', 0.8333333333333334)",C92,E83.52,,,,,,,,,,,,,,,,,,,,,,,,,,,,,,,,,,,,,,,,,,,,,,,,,,,,,,,,,,,,,,,,,,,,,,,,,,,,,,,,,,,,,,,,,,,,,,,,,,,,,,,,,,,,,,,,,,,,
28196820,"('M95.4', 0.25)","('Q77.2', 0.3333333333333333)","('T81.32', 0.2)",K44,"('D16.7', 0.2)",K44.9,"('M99.18', 0.2)",Q89.7,"('S23.41', 0.5)","('Q32.2', 0.5)","('S22.4', 0.3333333333333333)","('C41.3', 0.2)","('Q76.6', 0.5)",,,,,,,,,,,,,,,,,,,,,,,,,,,,,,,,,,,,,,,,,,,,,,,,,,,,,,,,,,,,,,,,,,,,,,,,,,,,,,,,,,,,,,,,,,,,,,,,,,,,,,,,,,
28173879,R78.81,"('B96.81', 0.14285714285714285)",L03.90,,,,,,,,,,,,,,,,,,,,,,,,,,,,,,,,,,,,,,,,,,,,,,,,,,,,,,,,,,,,,,,,,,,,,,,,,,,,,,,,,,,,,,,,,,,,,,,,,,,,,,,,,,,,,,,,,,,,
28154669,Q43.0,K66.1,,,,,,,,,,,,,,,,,,,,,,,,,,,,,,,,,,,,,,,,,,,,,,,,,,,,,,,,,,,,,,,,,,,,,,,,,,,,,,,,,,,,,,,,,,,,,,,,,,,,,,,,,,,,,,,,,,,,,
28154287,"('R84', 0.3333333333333333)","('R04.2', 0.5)",B45.7,"('S19.82', 0.2)","('S12.8', 1.0)","('S10.0', 0.5)","('K22.1', 0.3333333333333333)","('D38.1', 0.3333333333333333)","('T17.41', 0.5)","('Q32.1', 0.5)","('R09.3', 0.5)","('S27.5', 0.3333333333333333)",B45,"('Z80.1', 0.2857142857142857)",E11,"('S11.02', 0.3333333333333333)","('S17.0', 0.25)",N18.9,"('C33', 0.3333333333333333)","('D02.1', 0.3333333333333333)",N18,"('T27.1', 0.4)","('T18.120', 0.2)",B45.9,"('J67', 0.09090909090909091)","('Z85.1', 0.2857142857142857)","('A15.5', 0.5)","('D14.2', 0.3333333333333333)",,,,,,,,,,,,,,,,,,,,,,,,,,,,,,,,,,,,,,,,,,,,,,,,,,,,,,,,,,,,,,,,,,,,,,,,,,,,,,,,,,,,,,,,,,,
28151882,M45-M49,"('S23.1', 0.5)","('M51', 0.14285714285714285)",M48.9,"('M46.24', 0.5)","('M48.44', 0.4)","('M99.12', 0.16666666666666666)","('S22', 0.6666666666666666)","('M43.5X4', 0.14285714285714285)",,,,,,,,,,,,,,,,,,,,,,,,,,,,,,,,,,,,,,,,,,,,,,,,,,,,,,,,,,,,,,,,,,,,,,,,,,,,,,,,,,,,,,,,,,,,,,,,,,,,,,,,,,,,,,
28121940,"('D16.4', 0.5)","('C40', 0.3333333333333333)","('R85.610', 0.2222222222222222)","('C40-C41', 0.3333333333333333)","('Z85.83', 0.5714285714285714)","('M60-M79', 0.5)","('D21', 0.5)","('D20.0', 0.6)","('D00.04', 0.5)","('C46.1', 0.4)","('D24', 0.4)","('C05.1', 0.5)","('M70', 0.4)","('K05.5', 0.3333333333333333)","('M26.81', 0.5)","('D48.1', 0.5)","('C11.3', 0.25)","('P03.89', 0.3333333333333333)","('C79.51', 0.5)","('L89.814', 0.3)","('R87.610', 0.2222222222222222)","('M05.13', 0.3333333333333333)","('D38.1', 0.3333333333333333)","('D37.04', 0.25)","('D14.3', 0.5)","('D03.52', 0.3333333333333333)","('C41.0', 0.5)","('D49.2', 0.5714285714285714)","('C49', 0.6)","('C34', 0.5)","('Z80.1', 0.2857142857142857)","('M70-M79', 0.4)","('C45-C49', 0.5)","('C44.52', 0.6)","('M79.9', 0.5)","('C78.0', 0.5)","('M60.2', 0.2857142857142857)","('M90.6', 0.4)",,,,,,,,,,,,,,,,,,,,,,,,,,,,,,,,,,,,,,,,,,,,,,,,,,,,,,,,,,,,,,,,,,,,,,,,,,,,,,,,,
28120581,"('Q25.48', 0.5)","('H95', 0.2222222222222222)","('H59.88', 0.2857142857142857)","('A81.09', 0.6666666666666666)","('E36-E36', 0.4)","('L76', 0.3333333333333333)","('S15.0', 0.375)","('I65.2', 0.75)","('E36', 0.5)","('G97.81', 0.4)",J94.2,"('J95-J95', 0.2222222222222222)","('H95-H95', 0.2)","('H59-H59', 0.2222222222222222)","('D78-D78', 0.4)","('N99-N99', 0.2222222222222222)","('I97.88', 0.2857142857142857)","('S25.1', 0.5)","('N99.81', 0.4)","('J95.88', 0.2857142857142857)","('D78', 0.5)","('I72.0', 0.75)","('M96.89', 0.2857142857142857)","('K91.81', 0.4)","('M96-M96', 0.2222222222222222)","('L76-L76', 0.2857142857142857)","('I63.23', 0.375)",,,,,,,,,,,,,,,,,,,,,,,,,,,,,,,,,,,,,,,,,,,,,,,,,,,,,,,,,,,,,,,,,,,,,,,,,,,,,,,,,,,,,,,,,,,,
28115731,"('T81.7', 0.4)","('O07.2', 0.2857142857142857)","('T80.0', 0.2857142857142857)","('O08.2', 0.3333333333333333)","('O04.7', 0.3333333333333333)",I26,"('O03.2', 0.3333333333333333)","('O88.0', 0.6666666666666666)","('T79.0', 0.6666666666666666)",I26.99,,,,,,,,,,,,,,,,,,,,,,,,,,,,,,,,,,,,,,,,,,,,,,,,,,,,,,,,,,,,,,,,,,,,,,,,,,,,,,,,,,,,,,,,,,,,,,,,,,,,,,,,,,,,,
28103924,"('D63.1', 0.5)","('I05-I09', 0.4)","('O10.21', 0.2857142857142857)","('E10.22', 0.25)","('H66.2', 0.6666666666666666)","('J98.9', 0.5)","('D59.1', 0.5)","('N71.1', 0.5)","('E11.22', 0.25)","('Z82.5', 0.2857142857142857)","('P27', 0.3333333333333333)","('E13.22', 0.25)","('E09.22', 0.2222222222222222)","('D71', 0.5)","('E08.22', 0.2222222222222222)","('N17-N19', 0.3333333333333333)","('I27.9', 0.6666666666666666)","('D89.811', 0.6666666666666666)","('J40-J47', 0.4)","('N18.9', 0.6666666666666666)","('N03', 0.6666666666666666)","('I12', 0.5)","('I13', 0.4)","('K71.5', 0.3333333333333333)","('L12.2', 0.5)","('J35', 0.5)","('B57.2', 0.5)","('I25', 0.5)","('J44', 0.4)",E75.22,"('D47.1', 0.6666666666666666)",,,,,,,,,,,,,,,,,,,,,,,,,,,,,,,,,,,,,,,,,,,,,,,,,,,,,,,,,,,,,,,,,,,,,,,,,,,,,,,,,,,,,,,,
28100279,J12.9,"('B34.0', 0.6666666666666666)",,,,,,,,,,,,,,,,,,,,,,,,,,,,,,,,,,,,,,,,,,,,,,,,,,,,,,,,,,,,,,,,,,,,,,,,,,,,,,,,,,,,,,,,,,,,,,,,,,,,,,,,,,,,,,,,,,,,,
28100235,"('J90', 0.3333333333333333)","('R84', 0.25)",C22.0,"('J92', 0.5)","('M32.13', 0.16666666666666666)","('J94', 0.3333333333333333)","('J91.0', 0.3333333333333333)","('J86.0', 0.5)",C22.9,,,,,,,,,,,,,,,,,,,,,,,,,,,,,,,,,,,,,,,,,,,,,,,,,,,,,,,,,,,,,,,,,,,,,,,,,,,,,,,,,,,,,,,,,,,,,,,,,,,,,,,,,,,,,,
28090049,"('E05.31', 0.2857142857142857)",J11.1,E05.0,,,,,,,,,,,,,,,,,,,,,,,,,,,,,,,,,,,,,,,,,,,,,,,,,,,,,,,,,,,,,,,,,,,,,,,,,,,,,,,,,,,,,,,,,,,,,,,,,,,,,,,,,,,,,,,,,,,,
28057913,"('N85.0', 0.5)",C55,E83.52,"('R87.619', 0.2)",,,,,,,,,,,,,,,,,,,,,,,,,,,,,,,,,,,,,,,,,,,,,,,,,,,,,,,,,,,,,,,,,,,,,,,,,,,,,,,,,,,,,,,,,,,,,,,,,,,,,,,,,,,,,,,,,,,
28033278,N17.9,N28.9,M34.9,N17,I67.83,M34.0,,,,,,,,,,,,,,,,,,,,,,,,,,,,,,,,,,,,,,,,,,,,,,,,,,,,,,,,,,,,,,,,,,,,,,,,,,,,,,,,,,,,,,,,,,,,,,,,,,,,,,,,,,,,,,,,,
27998312,R11.1,"('O26.61', 0.2)","('T86.4', 0.3333333333333333)","('E08.21', 0.2857142857142857)","('K76.3', 0.5)",E11,"('B66.1', 0.25)","('E10.21', 0.3333333333333333)","('K71', 0.3333333333333333)","('C78.7', 0.14285714285714285)","('Z94.4', 0.3333333333333333)","('K74', 0.3333333333333333)","('D68.4', 0.16666666666666666)","('K70-K77', 0.3333333333333333)","('D01.5', 0.16666666666666666)","('C22.3', 0.5)","('P78.81', 0.3333333333333333)","('Z85.05', 0.2)","('E11.21', 0.3333333333333333)","('Z48.23', 0.2)",R11.10,"('A52.74', 0.3333333333333333)","('E13.21', 0.3333333333333333)","('T45.8', 0.125)","('Z52.6', 0.5)","('R93.2', 0.14285714285714285)","('O14.2', 0.1)","('E09.21', 0.2857142857142857)","('E83.110', 0.3333333333333333)","('K75.0', 0.5)","('B67.8', 0.3333333333333333)","('E74.09', 0.3333333333333333)",R10.9,"('K72', 0.25)","('R94.5', 0.2)","('D37.6', 0.14285714285714285)","('S36.11', 0.5)","('I85.1', 0.2)","('C7B.02', 0.25)","('A06.4', 0.3333333333333333)","('K70.0', 0.6666666666666666)","('P15.0', 0.3333333333333333)","('D13.4', 0.3333333333333333)","('Q44.7', 0.5)","('K77', 0.2)",,,,,,,,,,,,,,,,,,,,,,,,,,,,,,,,,,,,,,,,,,,,,,,,,,,,,,,,,,,,,,,,,,,,,,,,,,
27980272,K90.0,R19.7,,,,,,,,,,,,,,,,,,,,,,,,,,,,,,,,,,,,,,,,,,,,,,,,,,,,,,,,,,,,,,,,,,,,,,,,,,,,,,,,,,,,,,,,,,,,,,,,,,,,,,,,,,,,,,,,,,,,,
27980261,"('I74', 0.3333333333333333)","('N28.0', 0.3333333333333333)","('I82.90', 0.3333333333333333)","('I22', 0.3333333333333333)","('O03.2', 0.2)","('O88', 0.5)","('T85.818', 0.14285714285714285)","('T81.7', 0.2)","('T84.81', 0.125)","('K55.0', 0.25)","('T80.0', 0.14285714285714285)","('I63.4', 0.2)","('O04.7', 0.2)","('T79.0', 0.3333333333333333)","('O07.2', 0.16666666666666666)","('Z86.711', 0.25)","('T82.818', 0.14285714285714285)","('I65', 0.3333333333333333)",I22,"('Z85.11', 0.3333333333333333)","('D38.1', 0.3333333333333333)","('D14.3', 0.5)","('I26', 0.5)","('I66', 0.3333333333333333)","('I24.0', 0.125)","('Z80.1', 0.2857142857142857)","('C34', 0.5)","('I76', 0.3333333333333333)","('O08.2', 0.2)","('I27.82', 0.3333333333333333)","('C78.0', 0.5)","('G08', 0.14285714285714285)",I21,"('T83.81', 0.14285714285714285)","('I21', 0.3333333333333333)","('I75', 0.5)",,,,,,,,,,,,,,,,,,,,,,,,,,,,,,,,,,,,,,,,,,,,,,,,,,,,,,,,,,,,,,,,,,,,,,,,,,,,,,,,,,,
27974938,"('I24', 0.4)","('J21.1', 0.4)","('I60.7', 0.3333333333333333)",I63.9,"('F06', 0.3333333333333333)","('C71.6', 0.3333333333333333)","('J06.9', 0.5)","('N17-N19', 0.3333333333333333)","('I67.2', 0.5)","('N71.0', 0.5)","('I01.9', 0.4)",I63,G46.3,"('I65', 0.2857142857142857)","('D89.810', 0.6666666666666666)","('S06.37', 0.25)","('I61.4', 0.25)","('D43.1', 0.25)","('I68.2', 0.4)","('D33.1', 0.3333333333333333)","('G37.3', 0.25)","('G45.9', 0.6666666666666666)","('I26', 0.4)",I77.74,"('I66', 0.6666666666666666)","('K71.2', 0.4)","('D57.01', 0.4)","('N00', 0.6666666666666666)","('N28.9', 0.5)","('G46.2', 0.5)","('B57.1', 0.5)","('I63.3', 0.4)","('J44.1', 0.3333333333333333)","('C92.A', 0.2)",,,,,,,,,,,,,,,,,,,,,,,,,,,,,,,,,,,,,,,,,,,,,,,,,,,,,,,,,,,,,,,,,,,,,,,,,,,,,,,,,,,,,
27928148,R78.81,G37.3,A02.9,,,,,,,,,,,,,,,,,,,,,,,,,,,,,,,,,,,,,,,,,,,,,,,,,,,,,,,,,,,,,,,,,,,,,,,,,,,,,,,,,,,,,,,,,,,,,,,,,,,,,,,,,,,,,,,,,,,,
27906105,C25,R17,"('C43', 0.3333333333333333)","('Z85.820', 0.2)","('C43-C44', 0.4)",C25.9,R10.9,C69.9,"('D03', 0.5)",,,,,,,,,,,,,,,,,,,,,,,,,,,,,,,,,,,,,,,,,,,,,,,,,,,,,,,,,,,,,,,,,,,,,,,,,,,,,,,,,,,,,,,,,,,,,,,,,,,,,,,,,,,,,,
27904130,"('T85.71', 0.14285714285714285)","('K65.1', 0.5)","('S31.6', 0.14285714285714285)","('Z99.2', 0.3333333333333333)","('Z49.32', 0.25)","('C48.1', 0.6666666666666666)","('R18', 0.3333333333333333)","('C45.1', 0.5)",C22.9,"('Q43.3', 0.25)","('K56.5', 0.16666666666666666)",C22.0,"('K35.3', 0.25)","('N99.4', 0.25)","('K66.0', 0.25)","('R85', 0.25)","('N73.6', 0.2)","('R88.0', 0.2)",,,,,,,,,,,,,,,,,,,,,,,,,,,,,,,,,,,,,,,,,,,,,,,,,,,,,,,,,,,,,,,,,,,,,,,,,,,,,,,,,,,,,,,,,,,,,,,,,,,,,
27846860,K85.9,"('I24', 0.4)","('D89.810', 0.6666666666666666)","('J21.1', 0.4)",H35.9,N17.1,"('G37.3', 0.25)",N17.0,"('K71.2', 0.4)","('J06.9', 0.5)","('N17-N19', 0.3333333333333333)",H54.0,"('D57.01', 0.4)","('N00', 0.6666666666666666)","('N28.9', 0.5)",K85,"('N71.0', 0.5)","('I01.9', 0.4)","('B57.1', 0.5)","('J44.1', 0.3333333333333333)","('C92.A', 0.2)",H53.12,,,,,,,,,,,,,,,,,,,,,,,,,,,,,,,,,,,,,,,,,,,,,,,,,,,,,,,,,,,,,,,,,,,,,,,,,,,,,,,,,,,,,,,,,,,,,,,,,
27773410,"('I25.72', 0.2857142857142857)",I50.1,"('I24', 0.4)","('D89.810', 0.6666666666666666)","('J21.1', 0.4)",I50.81,"('G37.3', 0.25)","('I26', 0.4)","('S65.1', 0.3333333333333333)","('J06.9', 0.5)","('N17-N19', 0.3333333333333333)","('K71.2', 0.4)",I50,I50.9,"('D57.01', 0.4)","('N71.0', 0.5)","('S55.1', 0.4)","('N00', 0.6666666666666666)","('N28.9', 0.5)","('S25.8', 0.5)","('I01.9', 0.4)","('B57.1', 0.5)","('J44.1', 0.3333333333333333)","('C92.A', 0.2)","('I82.62', 0.4)",,,,,,,,,,,,,,,,,,,,,,,,,,,,,,,,,,,,,,,,,,,,,,,,,,,,,,,,,,,,,,,,,,,,,,,,,,,,,,,,,,,,,,,,,,,,,,
27661040,T56.0X,T56.0,T56.0X1,,,,,,,,,,,,,,,,,,,,,,,,,,,,,,,,,,,,,,,,,,,,,,,,,,,,,,,,,,,,,,,,,,,,,,,,,,,,,,,,,,,,,,,,,,,,,,,,,,,,,,,,,,,,,,,,,,,,
27100441,"('I22', 0.5)",I47.2,"('I21', 0.5)",I42,,,,,,,,,,,,,,,,,,,,,,,,,,,,,,,,,,,,,,,,,,,,,,,,,,,,,,,,,,,,,,,,,,,,,,,,,,,,,,,,,,,,,,,,,,,,,,,,,,,,,,,,,,,,,,,,,,,
27059701,"('D37.6', 0.42857142857142855)","('K80.5', 0.2857142857142857)","('C78.7', 0.42857142857142855)","('C22', 0.5)","('C24.0', 0.8)","('D06', 0.3333333333333333)",C23,"('D13.5', 0.8)",,,,,,,,,,,,,,,,,,,,,,,,,,,,,,,,,,,,,,,,,,,,,,,,,,,,,,,,,,,,,,,,,,,,,,,,,,,,,,,,,,,,,,,,,,,,,,,,,,,,,,,,,,,,,,,
26714786,"('Q67.4', 0.5)",I78.0,"('K12.0', 0.25)","('Q30.3', 0.5)","('J34.2', 0.6666666666666666)","('K13.21', 0.3333333333333333)","('O70.3', 0.1)","('C00.3', 0.2)","('K62.3', 0.3333333333333333)","('Q79.4', 0.25)","('T81.31', 0.25)","('C03', 0.2)","('I86.8', 0.5)",R04.0,"('D00.02', 0.25)","('D10.0', 0.1111111111111111)","('C11.3', 0.3333333333333333)","('C06.0', 0.25)",,,,,,,,,,,,,,,,,,,,,,,,,,,,,,,,,,,,,,,,,,,,,,,,,,,,,,,,,,,,,,,,,,,,,,,,,,,,,,,,,,,,,,,,,,,,,,,,,,,,,
26692730,Q77.4,H53.11,H53.15,Q13.0,,,,,,,,,,,,,,,,,,,,,,,,,,,,,,,,,,,,,,,,,,,,,,,,,,,,,,,,,,,,,,,,,,,,,,,,,,,,,,,,,,,,,,,,,,,,,,,,,,,,,,,,,,,,,,,,,,,
26675562,"('M27.63', 0.3333333333333333)","('A52.03', 0.4)","('I35.1', 0.75)","('I08.2', 0.4)","('Q23.1', 0.75)","('I06', 0.75)",I71.9,"('I39', 0.42857142857142855)","('T86.821', 0.4)",,,,,,,,,,,,,,,,,,,,,,,,,,,,,,,,,,,,,,,,,,,,,,,,,,,,,,,,,,,,,,,,,,,,,,,,,,,,,,,,,,,,,,,,,,,,,,,,,,,,,,,,,,,,,,
26670309,R53.83,"('I35.0', 0.5)","('I37.0', 0.75)","('Q24.3', 0.6666666666666666)","('T82.855', 0.5)","('I65.0', 0.5)","('I63', 0.2857142857142857)","('I05.0', 0.6666666666666666)","('T80.21', 0.3333333333333333)","('I26', 0.4)","('J43.0', 0.4)","('Q25.6', 1.0)","('I28.8', 0.6666666666666666)","('Q21.3', 0.18181818181818182)","('Q22.1', 0.75)","('A52.03', 0.75)","('I66.8', 0.5)",E66.9,"('I34.2', 0.75)","('I36.0', 0.5)","('Q27.1', 0.5)",I27.20,"('I09.89', 0.5)","('I07.0', 0.5)","('Q23.2', 0.6666666666666666)",,,,,,,,,,,,,,,,,,,,,,,,,,,,,,,,,,,,,,,,,,,,,,,,,,,,,,,,,,,,,,,,,,,,,,,,,,,,,,,,,,,,,,,,,,,,,,
26664317,"('I05.1', 0.6666666666666666)","('I34.0', 0.75)",S26,"('A52.03', 0.5)","('I08.0', 0.4)","('Q23.3', 0.6666666666666666)","('I35.1', 0.5)","('I37.1', 0.5)","('Q22.2', 0.5)","('I07.1', 0.5)","('I36.1', 0.5)",,,,,,,,,,,,,,,,,,,,,,,,,,,,,,,,,,,,,,,,,,,,,,,,,,,,,,,,,,,,,,,,,,,,,,,,,,,,,,,,,,,,,,,,,,,,,,,,,,,,,,,,,,,,
26656340,M27.8,,,,,,,,,,,,,,,,,,,,,,,,,,,,,,,,,,,,,,,,,,,,,,,,,,,,,,,,,,,,,,,,,,,,,,,,,,,,,,,,,,,,,,,,,,,,,,,,,,,,,,,,,,,,,,,,,,,,,,
26629302,R04.0,"('C31.0', 0.5)",,,,,,,,,,,,,,,,,,,,,,,,,,,,,,,,,,,,,,,,,,,,,,,,,,,,,,,,,,,,,,,,,,,,,,,,,,,,,,,,,,,,,,,,,,,,,,,,,,,,,,,,,,,,,,,,,,,,,
26584481,I50.1,"('I24', 0.4)","('D89.810', 0.6666666666666666)",C74,"('J21.1', 0.4)",I50.81,"('G37.3', 0.25)",Q85.8,"('K71.2', 0.4)","('J06.9', 0.5)","('N17-N19', 0.3333333333333333)",I50.9,I50,"('D57.01', 0.4)",C74.9,"('N00', 0.6666666666666666)","('N28.9', 0.5)","('N71.0', 0.5)","('I01.9', 0.4)","('B57.1', 0.5)","('J44.1', 0.3333333333333333)","('C92.A', 0.2)",,,,,,,,,,,,,,,,,,,,,,,,,,,,,,,,,,,,,,,,,,,,,,,,,,,,,,,,,,,,,,,,,,,,,,,,,,,,,,,,,,,,,,,,,,,,,,,,,
26530965,"('Z85.11', 0.3333333333333333)","('D43.4', 0.4)","('D38.1', 0.3333333333333333)",C50,C50-C50,C71.9,"('D42.1', 0.4)","('C70.1', 0.5)",C71,"('D14.3', 0.5)","('Z80.1', 0.2857142857142857)",C22.9,"('C34', 0.5)","('C72.0', 0.5)","('D32.1', 0.5)","('D05.1', 0.4)",C22.0,"('C7B.04', 0.25)","('D33.4', 0.5)","('C78.0', 0.5)",D33.2,,,,,,,,,,,,,,,,,,,,,,,,,,,,,,,,,,,,,,,,,,,,,,,,,,,,,,,,,,,,,,,,,,,,,,,,,,,,,,,,,,,,,,,,,,,,,,,,,,
26523273,C22.0,C22.9,B18.1,C22.2,C22.1,,,,,,,,,,,,,,,,,,,,,,,,,,,,,,,,,,,,,,,,,,,,,,,,,,,,,,,,,,,,,,,,,,,,,,,,,,,,,,,,,,,,,,,,,,,,,,,,,,,,,,,,,,,,,,,,,,
26474553,E84,E84.9,,,,,,,,,,,,,,,,,,,,,,,,,,,,,,,,,,,,,,,,,,,,,,,,,,,,,,,,,,,,,,,,,,,,,,,,,,,,,,,,,,,,,,,,,,,,,,,,,,,,,,,,,,,,,,,,,,,,,
26469535,"('D31.3', 0.3333333333333333)","('Q14.3', 0.3333333333333333)","('H31', 0.3333333333333333)","('C69.3', 0.3333333333333333)","('D49.81', 0.2)","('H35.3231', 0.25)","('H44.2A', 0.5)","('H30-H36', 0.25)",,,,,,,,,,,,,,,,,,,,,,,,,,,,,,,,,,,,,,,,,,,,,,,,,,,,,,,,,,,,,,,,,,,,,,,,,,,,,,,,,,,,,,,,,,,,,,,,,,,,,,,,,,,,,,,
26445413,"('Z85.52', 0.4)","('C79.0', 0.3333333333333333)",C22.0,"('D30.0', 0.6666666666666666)","('Z80.51', 0.4)","('D41.0', 0.5)","('D49.51', 0.5)",D3A.00,"('C64', 0.3333333333333333)","('D17.71', 0.5)",C22.9,,,,,,,,,,,,,,,,,,,,,,,,,,,,,,,,,,,,,,,,,,,,,,,,,,,,,,,,,,,,,,,,,,,,,,,,,,,,,,,,,,,,,,,,,,,,,,,,,,,,,,,,,,,,
26444414,L98.0,"('I73', 0.5)","('J84.17', 0.3333333333333333)","('G46', 0.4)",C26.0,"('F01.51', 0.25)","('K28', 0.25)","('I70', 0.6666666666666666)","('M35.9', 0.5)","('M30-M36', 0.5)",D64.9,,,,,,,,,,,,,,,,,,,,,,,,,,,,,,,,,,,,,,,,,,,,,,,,,,,,,,,,,,,,,,,,,,,,,,,,,,,,,,,,,,,,,,,,,,,,,,,,,,,,,,,,,,,,
26327988,L88,K51.9,L98.2,L08.0,K51,,,,,,,,,,,,,,,,,,,,,,,,,,,,,,,,,,,,,,,,,,,,,,,,,,,,,,,,,,,,,,,,,,,,,,,,,,,,,,,,,,,,,,,,,,,,,,,,,,,,,,,,,,,,,,,,,,
26228535,"('C75.1', 0.5)","('D44.3', 0.4)","('D35.2', 0.5)",,,,,,,,,,,,,,,,,,,,,,,,,,,,,,,,,,,,,,,,,,,,,,,,,,,,,,,,,,,,,,,,,,,,,,,,,,,,,,,,,,,,,,,,,,,,,,,,,,,,,,,,,,,,,,,,,,,,
26216058,D33.2,C71.9,C71,,,,,,,,,,,,,,,,,,,,,,,,,,,,,,,,,,,,,,,,,,,,,,,,,,,,,,,,,,,,,,,,,,,,,,,,,,,,,,,,,,,,,,,,,,,,,,,,,,,,,,,,,,,,,,,,,,,,
26106249,"('I05.1', 0.6666666666666666)","('I34.0', 0.75)","('Q23.3', 0.6666666666666666)","('I35.1', 0.5)","('I37.1', 0.5)","('Q22.2', 0.5)",Q77.6,"('M21.94', 0.5)","('I07.1', 0.5)","('Q68.1', 0.5)","('I36.1', 0.5)",,,,,,,,,,,,,,,,,,,,,,,,,,,,,,,,,,,,,,,,,,,,,,,,,,,,,,,,,,,,,,,,,,,,,,,,,,,,,,,,,,,,,,,,,,,,,,,,,,,,,,,,,,,,
25934795,"('P78.0', 0.6666666666666666)","('T85.59', 0.14285714285714285)",M35.2,I82.0,"('K52.3', 0.3333333333333333)","('M66.8', 0.6666666666666666)","('O71.0', 0.4)","('H66.01', 0.25)",,,,,,,,,,,,,,,,,,,,,,,,,,,,,,,,,,,,,,,,,,,,,,,,,,,,,,,,,,,,,,,,,,,,,,,,,,,,,,,,,,,,,,,,,,,,,,,,,,,,,,,,,,,,,,,
25926582,"('I06.0', 0.25)","('N28.0', 0.3333333333333333)","('K44.0', 0.25)","('K82.0', 0.5)","('Q42', 0.16666666666666666)","('H04.53', 0.25)","('Q51.11', 0.2)","('N13.9', 0.25)","('K31.5', 0.5)","('I05.0', 0.25)","('Q03.0', 0.25)","('K56.3', 0.3333333333333333)","('K50.912', 0.16666666666666666)","('T82.19', 0.25)","('T18.120', 0.2)","('E84.19', 0.25)","('I74.09', 0.5)","('J44', 0.25)","('K42.0', 0.2)","('K43.5', 0.2)","('Q41', 0.14285714285714285)","('K91.3', 0.3333333333333333)","('T81.52', 0.125)","('J05.11', 0.3333333333333333)","('I81', 0.3333333333333333)","('I65', 0.2)","('K45.0', 0.16666666666666666)","('N11.1', 0.2)","('K40.30', 0.25)","('T85.29', 0.25)","('J95.03', 0.3333333333333333)","('J04.11', 0.3333333333333333)","('I66', 0.2)","('Q62.39', 0.25)","('D35.2', 0.5)","('C75.1', 0.5)","('N46.023', 0.2)","('T84.29', 0.16666666666666666)","('K80.81', 0.3333333333333333)","('K83.1', 0.3333333333333333)","('T83.09', 0.25)","('D44.3', 0.4)","('K46.0', 0.2)","('K22.2', 0.5)",R04.0,"('H68', 0.3333333333333333)","('P76', 0.25)","('K51.412', 0.2)","('Q64.31', 0.25)","('N32.0', 0.5)","('K41.30', 0.25)",,,,,,,,,,,,,,,,,,,,,,,,,,,,,,,,,,,,,,,,,,,,,,,,,,,,,,,,,,,,,,,,,,,,
25884600,I48.0,I50.9,I50.1,I50,A27.9,I51.4,I48.1,R57.0,A27,I50.81,R50.9,,,,,,,,,,,,,,,,,,,,,,,,,,,,,,,,,,,,,,,,,,,,,,,,,,,,,,,,,,,,,,,,,,,,,,,,,,,,,,,,,,,,,,,,,,,,,,,,,,,,,,,,,,,,
25858931,R07.9,R06.00,I42,I51.81,R06.02,R06.0,"('I24.0', 0.3333333333333333)","('I25.81', 0.3333333333333333)","('Q24.5', 0.6666666666666666)",,,,,,,,,,,,,,,,,,,,,,,,,,,,,,,,,,,,,,,,,,,,,,,,,,,,,,,,,,,,,,,,,,,,,,,,,,,,,,,,,,,,,,,,,,,,,,,,,,,,,,,,,,,,,,
25853982,R13.1,"('Z85.11', 0.3333333333333333)","('C00-C75', 0.125)","('C7A.1', 0.4)",C15,"('D38.1', 0.3333333333333333)","('D10-D36', 0.3333333333333333)",R13.12,"('C78.0', 0.5)","('D14.3', 0.5)",K22.0,C15.9,"('Z80.1', 0.2857142857142857)",R13.10,"('C34', 0.5)",,,,,,,,,,,,,,,,,,,,,,,,,,,,,,,,,,,,,,,,,,,,,,,,,,,,,,,,,,,,,,,,,,,,,,,,,,,,,,,,,,,,,,,,,,,,,,,,,,,,,,,,
25661749,H40.9,"('C75.1', 0.5)",H53.11,H40,"('D35.2', 0.5)",H40.12,"('D44.3', 0.4)",H53.15,H40-H42,,,,,,,,,,,,,,,,,,,,,,,,,,,,,,,,,,,,,,,,,,,,,,,,,,,,,,,,,,,,,,,,,,,,,,,,,,,,,,,,,,,,,,,,,,,,,,,,,,,,,,,,,,,,,,
25246819,"('Q27.3', 0.6666666666666666)",C50,C50-C50,"('D34', 0.5)","('Q28.2', 0.5)","('C73', 0.5)","('Q25.72', 0.5)","('Q89.2', 0.4)","('Z85.850', 0.4)","('C73-C75', 0.3333333333333333)",E71.440,"('I60.8', 0.5)","('D44.0', 0.4)",,,,,,,,,,,,,,,,,,,,,,,,,,,,,,,,,,,,,,,,,,,,,,,,,,,,,,,,,,,,,,,,,,,,,,,,,,,,,,,,,,,,,,,,,,,,,,,,,,,,,,,,,,
25210224,"('S03.0', 0.5)","('K08.20', 0.3333333333333333)","('C41.1', 0.3333333333333333)","('D16.5', 0.5)",Q87.0,"('M26.53', 0.25)","('S02.19', 0.6666666666666666)",,,,,,,,,,,,,,,,,,,,,,,,,,,,,,,,,,,,,,,,,,,,,,,,,,,,,,,,,,,,,,,,,,,,,,,,,,,,,,,,,,,,,,,,,,,,,,,,,,,,,,,,,,,,,,,,
25024632,"('S27.80', 0.5)","('O71.7', 0.3333333333333333)","('K76.3', 0.5)","('H61.12', 0.5)","('H59.34', 0.16666666666666666)","('E89.82', 0.14285714285714285)","('C78.7', 0.14285714285714285)","('Z94.4', 0.3333333333333333)","('D01.5', 0.16666666666666666)","('C22.3', 0.5)","('P78.81', 0.3333333333333333)","('Z85.05', 0.2)","('Z48.23', 0.2)",K70-K77,"('K70', 0.3333333333333333)",O14.2,"('S00.93', 0.5)","('I97.63', 0.125)","('Z52.6', 0.5)","('E83.110', 0.3333333333333333)","('T87.89', 0.3333333333333333)","('B67.8', 0.3333333333333333)","('E36.0', 0.1111111111111111)","('E74.09', 0.3333333333333333)","('K72', 0.25)","('P54.5', 0.3333333333333333)","('I85.1', 0.2)","('Q79.1', 0.5)","('H95.52', 0.14285714285714285)","('A06.4', 0.3333333333333333)","('Q44.7', 0.5)","('S36.11', 0.5)","('Z30.49', 0.3333333333333333)","('S06.36', 0.2)","('D13.4', 0.3333333333333333)","('O26.61', 0.2)","('T86.4', 0.3333333333333333)","('P15.0', 0.3333333333333333)","('D78.31', 0.2)","('G97.62', 0.125)","('N83.7', 0.3333333333333333)","('P10.0', 0.16666666666666666)","('K64.5', 0.5)","('B66.1', 0.25)","('K71', 0.3333333333333333)","('D21.3', 0.3333333333333333)","('K74', 0.3333333333333333)","('D68.4', 0.16666666666666666)","('K70-K77', 0.3333333333333333)",K76.9,"('A52.74', 0.3333333333333333)","('J98.6', 0.5)","('T45.8', 0.125)","('R93.2', 0.14285714285714285)","('J95.861', 0.125)","('O14.2', 0.1)","('K75.0', 0.5)","('K66.0', 1.0)","('K91.871', 0.125)",R10.9,"('R94.5', 0.2)","('D37.6', 0.14285714285714285)","('N99.840', 0.125)","('O69.5', 0.2)","('M79.81', 0.5)","('C7B.02', 0.25)","('O90.2', 0.3333333333333333)","('L76.32', 0.2857142857142857)","('M96.841', 0.16666666666666666)","('C49.3', 0.3333333333333333)","('K77', 0.2)",,,,,,,,,,,,,,,,,,,,,,,,,,,,,,,,,,,,,,,,,,,,,,,,
24518095,"('C78.0', 0.5)","('D14.3', 0.5)","('Z85.11', 0.3333333333333333)","('D06', 0.3333333333333333)","('Z80.1', 0.2857142857142857)","('D38.1', 0.3333333333333333)","('C34', 0.5)",,,,,,,,,,,,,,,,,,,,,,,,,,,,,,,,,,,,,,,,,,,,,,,,,,,,,,,,,,,,,,,,,,,,,,,,,,,,,,,,,,,,,,,,,,,,,,,,,,,,,,,,,,,,,,,,
24161539,"('T48.1X6', 0.2857142857142857)",G40.9,G40.909,,,,,,,,,,,,,,,,,,,,,,,,,,,,,,,,,,,,,,,,,,,,,,,,,,,,,,,,,,,,,,,,,,,,,,,,,,,,,,,,,,,,,,,,,,,,,,,,,,,,,,,,,,,,,,,,,,,,
23864579,I50,I50.9,I50.1,"('I05.1', 0.6666666666666666)","('I34.0', 0.75)","('I37.1', 0.5)","('I35.1', 0.75)","('I06.1', 0.6666666666666666)","('Q22.2', 0.5)",Q25.1,I50.81,"('I07.1', 0.5)","('Q23.1', 0.75)","('I36.1', 0.5)",,,,,,,,,,,,,,,,,,,,,,,,,,,,,,,,,,,,,,,,,,,,,,,,,,,,,,,,,,,,,,,,,,,,,,,,,,,,,,,,,,,,,,,,,,,,,,,,,,,,,,,,,
23468586,I42,"('Z86.74', 0.42857142857142855)",I42.9,"('I51.5', 0.25)",G72.9,"('I22', 0.5)",M60-M63,E72.20,M62.9,"('Q24.8', 0.3333333333333333)",I51.5,"('I21', 0.25)",I49.9,"('Z82.41', 0.6)",,,,,,,,,,,,,,,,,,,,,,,,,,,,,,,,,,,,,,,,,,,,,,,,,,,,,,,,,,,,,,,,,,,,,,,,,,,,,,,,,,,,,,,,,,,,,,,,,,,,,,,,,
23124805,H20.9,"('A18.09', 0.5)",M13.0,M06.4,"('M70.03', 0.2)","('M67.3', 0.5)","('A54.49', 0.5)",G52.9,M05-M14,M19.90,"('M12.2', 0.3333333333333333)","('M65', 0.5)",,,,,,,,,,,,,,,,,,,,,,,,,,,,,,,,,,,,,,,,,,,,,,,,,,,,,,,,,,,,,,,,,,,,,,,,,,,,,,,,,,,,,,,,,,,,,,,,,,,,,,,,,,,
23076693,"('G13.1', 0.3333333333333333)","('L10.81', 0.5)",L98.2,"('D06', 0.3333333333333333)",R10.9,C23,,,,,,,,,,,,,,,,,,,,,,,,,,,,,,,,,,,,,,,,,,,,,,,,,,,,,,,,,,,,,,,,,,,,,,,,,,,,,,,,,,,,,,,,,,,,,,,,,,,,,,,,,,,,,,,,,
23033875,D65,O14.2,,,,,,,,,,,,,,,,,,,,,,,,,,,,,,,,,,,,,,,,,,,,,,,,,,,,,,,,,,,,,,,,,,,,,,,,,,,,,,,,,,,,,,,,,,,,,,,,,,,,,,,,,,,,,,,,,,,,,
22781096,"('T48.1X6', 0.2857142857142857)",,,,,,,,,,,,,,,,,,,,,,,,,,,,,,,,,,,,,,,,,,,,,,,,,,,,,,,,,,,,,,,,,,,,,,,,,,,,,,,,,,,,,,,,,,,,,,,,,,,,,,,,,,,,,,,,,,,,,,
22515939,J96.9,"('I21', 0.5)",S26,I31.4,"('I22', 0.5)",,,,,,,,,,,,,,,,,,,,,,,,,,,,,,,,,,,,,,,,,,,,,,,,,,,,,,,,,,,,,,,,,,,,,,,,,,,,,,,,,,,,,,,,,,,,,,,,,,,,,,,,,,,,,,,,,,
22514576,"('I74', 0.3333333333333333)","('T83.86', 0.14285714285714285)","('I65', 0.3333333333333333)","('N28.0', 0.3333333333333333)","('I82.0', 0.3333333333333333)","('I22', 0.3333333333333333)","('G95.11', 0.25)","('I51.3', 0.3333333333333333)","('A52.05', 0.3333333333333333)","('T84.86', 0.125)","('I26', 0.2)","('I24.0', 0.16666666666666666)","('I66', 0.3333333333333333)","('K64.5', 0.3333333333333333)","('T85.868', 0.14285714285714285)","('O69.5', 0.16666666666666666)","('Z86.71', 0.2)","('K55.0', 0.25)","('O87.0', 0.3333333333333333)","('N48.81', 0.25)","('N50.1', 0.25)","('I23.6', 0.18181818181818182)","('G08', 0.14285714285714285)","('I87.0', 0.14285714285714285)","('I63.3', 0.2)","('I67.6', 0.25)","('I21', 0.3333333333333333)","('O22.2', 0.3333333333333333)","('T82.86', 0.14285714285714285)","('I81', 0.3333333333333333)",,,,,,,,,,,,,,,,,,,,,,,,,,,,,,,,,,,,,,,,,,,,,,,,,,,,,,,,,,,,,,,,,,,,,,,,,,,,,,,,,,,,,,,,,
21477357,I42.0,I42,"('I23.6', 0.09090909090909091)",I22,I21,,,,,,,,,,,,,,,,,,,,,,,,,,,,,,,,,,,,,,,,,,,,,,,,,,,,,,,,,,,,,,,,,,,,,,,,,,,,,,,,,,,,,,,,,,,,,,,,,,,,,,,,,,,,,,,,,,
21308977,"('D63.1', 0.5)","('S10.0', 0.5)","('G71.3', 0.25)","('S13.4', 0.25)","('N27.9', 0.3333333333333333)","('S33.5', 0.25)","('Q77', 0.16666666666666666)","('D38.1', 0.16666666666666666)","('N19', 0.3333333333333333)","('T17.41', 0.5)","('Y84.1', 0.07692307692307693)","('T18.11', 0.5)","('E13.22', 0.25)","('O03.32', 0.14285714285714285)","('N26.2', 0.5)","('S14.2', 0.2)","('N25-N29', 0.2)","('N17-N19', 0.3333333333333333)","('S17.0', 0.25)","('O04.82', 0.14285714285714285)","('O23.0', 0.3333333333333333)","('R93.42', 0.16666666666666666)","('Z80.51', 0.2)","('M46.0', 0.2)","('S82.11', 0.3333333333333333)","('K20.8', 0.5)","('T86.1', 0.3333333333333333)","('M49', 0.4)","('C16.0', 0.25)","('N20.0', 0.5)","('T28.1', 0.5)","('O10.21', 0.2857142857142857)","('C79.0', 0.16666666666666666)","('O07.32', 0.125)","('M45', 0.3333333333333333)","('Z85.01', 0.2)","('S12.8', 1.0)","('Z84.1', 0.2)","('S19.82', 0.2)","('E10.22', 0.25)","('Z52.4', 0.5)","('Q32.1', 0.5)","('S24.2', 0.2)",K62,"('M42.1', 0.3333333333333333)","('D3A.093', 0.25)","('Y62.2', 0.16666666666666666)","('A18.01', 0.5)","('D13.0', 0.3333333333333333)","('I12', 0.5)","('Q93.3', 0.6)","('I13', 0.4)","('I70.1', 0.3333333333333333)","('T81.502', 0.1111111111111111)","('S32', 0.25)","('N18', 0.5)",Q24.9,"('Z94.0', 0.3333333333333333)","('N17', 0.3333333333333333)","('Z48.22', 0.2)","('D14.2', 0.3333333333333333)","('Z90.5', 0.3333333333333333)","('W60', 0.14285714285714285)","('Q67.5', 0.3333333333333333)","('D00.1', 0.3333333333333333)","('E88.4', 0.3333333333333333)","('S23.3', 0.25)","('K23', 0.4)","('P11.5', 0.2)","('N15.9', 0.3333333333333333)","('N29', 0.2857142857142857)","('T27.4', 0.3333333333333333)","('I75.81', 0.5)","('O08.4', 0.14285714285714285)","('D41.0', 0.25)","('S22', 0.2)","('K22', 0.6666666666666666)","('D49.51', 0.25)","('D37.8', 0.25)","('T84.63', 0.125)","('S37.0', 0.5)","('M43.2', 0.5)","('N28.81', 0.5)","('E08.22', 0.2222222222222222)","('Z82.71', 0.25)","('Q61', 0.6666666666666666)","('D30.0', 0.3333333333333333)","('D02.1', 0.3333333333333333)","('Q63.2', 0.5)","('Q39', 0.3333333333333333)","('A15.5', 0.5)","('C64', 0.16666666666666666)","('B57.31', 0.25)","('M48.2', 0.5)",Q74.9,"('R94.4', 0.2)","('Q60', 0.3333333333333333)","('M54.6', 0.3333333333333333)","('C49.A1', 0.25)","('O90.4', 0.25)","('S30-S39', 0.1)","('E11.22', 0.25)","('S27.5', 0.3333333333333333)","('A52.75', 0.3333333333333333)","('O86.21', 0.25)","('D17.71', 0.25)","('E09.22', 0.2222222222222222)","('N99.0', 0.2)","('Q76.49', 0.3333333333333333)","('S11.02', 0.3333333333333333)","('M47', 0.3333333333333333)","('S34.21', 0.2)","('C33', 0.3333333333333333)","('K20-K31', 0.4)","('C7A.093', 0.25)","('C15', 0.3333333333333333)","('Z87.442', 0.25)","('Z18.31', 0.25)","('A54.21', 0.25)"
21254744,D33.2,C71.9,C71,"('G40.1', 0.2222222222222222)",,,,,,,,,,,,,,,,,,,,,,,,,,,,,,,,,,,,,,,,,,,,,,,,,,,,,,,,,,,,,,,,,,,,,,,,,,,,,,,,,,,,,,,,,,,,,,,,,,,,,,,,,,,,,,,,,,,
21129213,I89.1,"('Z85.11', 0.3333333333333333)","('C44.52', 0.6)","('R87.610', 0.2222222222222222)","('D38.1', 0.3333333333333333)","('C78.0', 0.5)","('D14.3', 0.5)","('R85.610', 0.2222222222222222)","('Z80.1', 0.2857142857142857)","('C34', 0.5)",,,,,,,,,,,,,,,,,,,,,,,,,,,,,,,,,,,,,,,,,,,,,,,,,,,,,,,,,,,,,,,,,,,,,,,,,,,,,,,,,,,,,,,,,,,,,,,,,,,,,,,,,,,,,
20146086,"('Z85.11', 0.3333333333333333)","('Z80.1', 0.2857142857142857)","('D38.1', 0.3333333333333333)",C70.9,D32,"('C78.0', 0.5)","('D14.3', 0.5)",D32.9,C70,"('D06', 0.3333333333333333)","('C34', 0.5)",,,,,,,,,,,,,,,,,,,,,,,,,,,,,,,,,,,,,,,,,,,,,,,,,,,,,,,,,,,,,,,,,,,,,,,,,,,,,,,,,,,,,,,,,,,,,,,,,,,,,,,,,,,,
22791498,I50.1,"('T85.828', 0.14285714285714285)","('T82.828', 0.14285714285714285)","('K71.7', 0.2)","('K13.5', 0.3333333333333333)","('J84.10', 0.3333333333333333)","('Z14.1', 0.3333333333333333)","('A18.82', 0.6666666666666666)","('K74.0', 0.5)",I50,I50.9,"('J68.4', 0.1111111111111111)","('I42.3', 0.3333333333333333)","('L90.5', 0.3333333333333333)","('E84', 0.5)","('K65.4', 0.25)",I42,"('E23', 0.5)",I42.9,"('K86.89', 0.5)","('J63.3', 0.3333333333333333)","('J62', 0.25)","('J70.1', 0.25)","('J98.59', 0.5)","('N85.8', 0.3333333333333333)",I50.81,"('P27.8', 0.3333333333333333)","('I51.4', 0.5)","('A52.79', 0.6666666666666666)","('C75.1', 0.5)","('D35.2', 0.5)","('D44.3', 0.4)","('E22', 0.6666666666666666)","('K70.2', 0.25)","('A15.0', 0.3333333333333333)","('D73.89', 0.3333333333333333)",I51.5,"('T83.82', 0.14285714285714285)","('T84.82', 0.125)",,,,,,,,,,,,,,,,,,,,,,,,,,,,,,,,,,,,,,,,,,,,,,,,,,,,,,,,,,,,,,,,,,,,,,,,,,,,,,,,
19860007,C58,"('C7B.01', 0.3333333333333333)","('D36.0', 0.5)","('M30.3', 0.4)",C16,"('I89.8', 0.5)","('C46.3', 0.4)","('I80-I89', 0.2222222222222222)","('D06', 0.3333333333333333)","('L04', 0.3333333333333333)","('C81.92', 0.3333333333333333)","('D86.1', 0.6666666666666666)","('A15.4', 0.5)",C16.9,"('R59', 0.6666666666666666)","('C82.92', 0.3333333333333333)","('C83.73', 0.4)","('C77', 0.3333333333333333)","('C85.12', 0.3333333333333333)","('C84.12', 0.4)",,,,,,,,,,,,,,,,,,,,,,,,,,,,,,,,,,,,,,,,,,,,,,,,,,,,,,,,,,,,,,,,,,,,,,,,,,,,,,,,,,,,,,,,,,,,,,,,,,,
19860006,"('O26.61', 0.2)","('T86.4', 0.3333333333333333)","('K76.3', 0.5)",C22.9,"('B66.1', 0.25)","('K71', 0.3333333333333333)","('C78.7', 0.2857142857142857)","('Z94.4', 0.3333333333333333)","('K74', 0.3333333333333333)","('C7B.04', 0.25)","('D68.4', 0.16666666666666666)","('K70-K77', 0.3333333333333333)","('D01.5', 0.16666666666666666)","('C22.3', 0.5)","('P78.81', 0.3333333333333333)","('Z85.05', 0.4)","('Z48.23', 0.2)",C18,"('K70', 0.3333333333333333)","('A52.74', 0.3333333333333333)",C18.9,"('T45.8', 0.125)","('Z52.6', 0.5)","('R93.2', 0.14285714285714285)","('O14.2', 0.1)","('E83.110', 0.3333333333333333)","('K75.0', 0.5)","('B67.8', 0.3333333333333333)","('E74.09', 0.3333333333333333)","('K72', 0.25)","('R94.5', 0.2)","('D37.6', 0.2857142857142857)","('S36.11', 0.5)",C22.0,"('I85.1', 0.2)","('A06.4', 0.3333333333333333)","('P15.0', 0.3333333333333333)","('D13.4', 0.6666666666666666)","('Q44.7', 0.5)","('K77', 0.2)",,,,,,,,,,,,,,,,,,,,,,,,,,,,,,,,,,,,,,,,,,,,,,,,,,,,,,,,,,,,,,,,,,,,,,,,,,,,,,,
19214295,I50,I10,"('Q25.48', 0.5)",I50.30,"('S25.1', 0.5)",,,,,,,,,,,,,,,,,,,,,,,,,,,,,,,,,,,,,,,,,,,,,,,,,,,,,,,,,,,,,,,,,,,,,,,,,,,,,,,,,,,,,,,,,,,,,,,,,,,,,,,,,,,,,,,,,,
18561524,I42.0,E66.9,I42,,,,,,,,,,,,,,,,,,,,,,,,,,,,,,,,,,,,,,,,,,,,,,,,,,,,,,,,,,,,,,,,,,,,,,,,,,,,,,,,,,,,,,,,,,,,,,,,,,,,,,,,,,,,,,,,,,,,
17803823,,,,,,,,,,,,,,,,,,,,,,,,,,,,,,,,,,,,,,,,,,,,,,,,,,,,,,,,,,,,,,,,,,,,,,,,,,,,,,,,,,,,,,,,,,,,,,,,,,,,,,,,,,,,,,,,,,,,,,,
16778410,C25,C96.5,"('J84.82', 0.4)","('C96.4', 1.0)",C96.6,C96.4,"('C22.3', 0.6666666666666666)",C25.9,"('C92.3', 0.5)","('C46', 0.3333333333333333)",,,,,,,,,,,,,,,,,,,,,,,,,,,,,,,,,,,,,,,,,,,,,,,,,,,,,,,,,,,,,,,,,,,,,,,,,,,,,,,,,,,,,,,,,,,,,,,,,,,,,,,,,,,,,
